Name,Country,Domain,Value,Link
Bytedance,China,Artificial intelligence,$140,https://www.cbinsights.com/company/bytedance
goPuff,United States,E-commerce & direct-to-consumer,$15,https://www.cbinsights.com/company/gopuff
Klarna,Sweden,Fintech,$45.6,https://www.cbinsights.com/company/klarna
Epic Games,United States,Other,$42,https://www.cbinsights.com/company/epic-games
Canva,Australia,Internet software & services,$40,https://www.cbinsights.com/company/canva
SpaceX,United States,Other,$100.3,https://www.cbinsights.com/company/space-exploration-technologies
DJI Innovations,China,Hardware,$15,https://www.cbinsights.com/company/dji
Yuanfudao,China,Edtech,$15.5,https://www.cbinsights.com/company/yuantikucom
J&T Express,Indonesia,"Supply chain, logistics, & delivery",$20,https://www.cbinsights.com/company/jt-express
GoodLeap,United States,Internet software & services,$12,https://www.cbinsights.com/company/loanpal
Alchemy,United States,Fintech,$10.2,https://www.cbinsights.com/company/alchemy-2
Airtable,United States,Internet software & services,$11.7,https://www.cbinsights.com/company/formagrid
Miro,United States,Internet software & services,$17.5,https://www.cbinsights.com/company/realtimeboard
,,,,
Talkdesk,United States,Internet software & services,$10,https://www.cbinsights.com/company/talkdesk
ZongMu Technology,China,Auto & transportation,$11.4,https://www.cbinsights.com/company/zongmu-technology
Gusto,United States,Fintech,$10,https://www.cbinsights.com/company/zenpayroll
reddit,United States,Internet software & services,$10,https://www.cbinsights.com/company/reddit
Xiaohongshu,China,E-commerce & direct-to-consumer,$20,https://www.cbinsights.com/company/xiaohongshu
Global Switch,United Kingdom,Hardware,$11.1,https://www.cbinsights.com/company/global-switch
Figma,United States,Internet software & services,$10,https://www.cbinsights.com/company/figma
Stripe,United States,Fintech,$95,https://www.cbinsights.com/company/stripe
Instacart,United States,"Supply chain, logistics, & delivery",$39,https://www.cbinsights.com/company/instacart
Bolt,United States,Fintech,$11,https://www.cbinsights.com/company/boltcom
Databricks,United States,Data management & analytics,$38,https://www.cbinsights.com/company/databricks
Yuanqi Senlin,China,Consumer & retail,$15,https://www.cbinsights.com/company/yuanqi-senlin
Revolut,United Kingdom,Fintech,$33,https://www.cbinsights.com/company/revolut
Weilong,China,Consumer & retail,$10.88,https://www.cbinsights.com/company/weilong
SHEIN,China,E-commerce & direct-to-consumer,$15,https://www.cbinsights.com/company/shein
Faire,United States,Artificial intelligence,$12.4,https://www.cbinsights.com/company/faire-1
Plaid,United States,Fintech,$13.4,https://www.cbinsights.com/company/plaid-technologies
Celonis,Germany,Data management & analytics,$11,https://www.cbinsights.com/company/celonis1
OpenSea,United States,E-commerce & direct-to-consumer,$13.3,https://www.cbinsights.com/company/opensea
Brex,United States,Fintech,$12.3,https://www.cbinsights.com/company/brex
Swiggy,India,"Supply chain, logistics, & delivery",$10.7,https://www.cbinsights.com/company/swiggy
Ripple,United States,Fintech,$15,https://www.cbinsights.com/company/ripple-labs
Lalamove,Hong Kong,"Supply chain, logistics, & delivery",$10,https://www.cbinsights.com/company/easyvan-hong-kong-limited
Bitmain Technologies,China,Hardware,$12,https://www.cbinsights.com/company/bitmain-technologies
Biosplice Therapeutics,United States,Health,$12,https://www.cbinsights.com/company/samumed
Grammarly,United States,Internet software & services,$13,https://www.cbinsights.com/company/grammarly
Personio,Germany,Internet software & services,$6.3,https://www.cbinsights.com/company/personio
Devoted Health,United States,Health,$12.6,https://www.cbinsights.com/company/devoted-health
Postman,United States,Internet software & services,$5.6,https://www.cbinsights.com/company/postman
FTX,Bahamas,Fintech,$32,https://www.cbinsights.com/company/ftx
TripActions,United States,Travel,$7.25,https://www.cbinsights.com/company/tripactions
Upgrade,United States,Fintech,$6.28,https://www.cbinsights.com/company/upgrade
Mollie,Netherlands,Fintech,$6.5,https://www.cbinsights.com/company/mollie
Chime,United States,Fintech,$25,https://www.cbinsights.com/company/chimecard
Hinge Health,United States,Health,$6.2,https://www.cbinsights.com/company/hinge-health
1Password,Canada,Cybersecurity,$6.8,https://www.cbinsights.com/company/agilebits-inc
Scale AI,United States,Artificial intelligence,$7.3,https://www.cbinsights.com/company/scale
Automation Anywhere,United States,Artificial intelligence,$6.8,https://www.cbinsights.com/company/automation-anywhere
Fanatics,United States,E-commerce & direct-to-consumer,$18,https://www.cbinsights.com/company/fanatics
Nuro,United States,Auto & transportation,$8.6,https://www.cbinsights.com/company/nuro-ai
DataRobot,United States,Artificial intelligence,$6.3,https://www.cbinsights.com/company/datarobot
Argo AI,United States,Artificial intelligence,$7.25,https://www.cbinsights.com/company/argo-ai
Rippling,United States,Internet software & services,$6.5,https://www.cbinsights.com/company/rippling
Ziroom,China,E-commerce & direct-to-consumer,$6.6,https://www.cbinsights.com/company/ziroom
Gemini,United States,Fintech,$7.1,https://www.cbinsights.com/company/gemini-exchange
Notion Labs,United States,Internet software & services,$10,https://www.cbinsights.com/company/notion-labs
National Stock Exchange of India,India,Fintech,$6.5,https://www.cbinsights.com/company/national-stock-exchange-of-india
Ro,United States,Health,$7,https://www.cbinsights.com/company/roman-health-ventures
Thrasio,United States,Other,$10,https://www.cbinsights.com/company/thrasio
Discord,United States,Internet software & services,$7,https://www.cbinsights.com/company/hammer-chisel
Ramp,United States,Fintech,$8,https://www.cbinsights.com/company/ramp-financial
We Doctor,China,Health,$7,https://www.cbinsights.com/company/guahaohangzhoutechnology-co-ltd
Gong,United States,Artificial intelligence,$7.25,https://www.cbinsights.com/company/gong
Tanium,United States,Cybersecurity,$9,https://www.cbinsights.com/company/tanium
Attentive,United States,Mobile & telecommunications,$5.99,https://www.cbinsights.com/company/attentive-mobile
Tempus,United States,Health,$8.1,https://www.cbinsights.com/company/tempus
Benchling,United States,Internet software & services,$6.1,https://www.cbinsights.com/company/benchling
OutSystems,United States,Internet software & services,$9.5,https://www.cbinsights.com/company/outsystem
Bolt,Estonia,Auto & transportation,$8.4,https://www.cbinsights.com/company/taxify
Digital Currency Group,United States,Finttech,$10,Digital Currency Group
Wiz,Israel,Cybersecurity,$6,https://www.cbinsights.com/company/wiz
Hopin,United Kingdom,Internet software & services,$7.75,https://www.cbinsights.com/company/hopin
Royole Corporation,China,Hardware,$6,https://www.cbinsights.com/company/royole-corporation
Dapper Labs,Canada,Fintech,$7.6,https://www.cbinsights.com/company/cryptokitties
Chehaoduo,China,E-commerce & direct-to-consumer,$9,https://www.cbinsights.com/company/guazi
Caris Life Sciences,United States,Health,$7.83,https://www.cbinsights.com/company/caris-diagnostics
Vice Media,United States,Internet software & services,$5.7,https://www.cbinsights.com/company/vice-media
Better.com,United States,Fintech,$6,https://www.cbinsights.com/company/better
iCapital Network,United States,Fintech,$6,https://www.cbinsights.com/company/icapital-network
6Sense,United States,Artificial intelligence,$5.2,https://www.cbinsights.com/company/6sense-insights
Easyhome,China,Consumer & retail,$5.78,https://www.cbinsights.com/company/easyhome
Lianjia,China,E-commerce & direct-to-consumer,$5.77,https://www.cbinsights.com/company/beijing-homelink-real-estate-brokerage-co
Niantic,United States,Mobile & telecommunications,$9,https://www.cbinsights.com/company/niantic
Flexport,United States,"Supply chain, logistics, & delivery",$8,https://www.cbinsights.com/company/flexport
ServiceTitan,United States,Internet software & services,$9.5,https://www.cbinsights.com/company/servicetitan
OYO Rooms,India,Travel,$9.6,https://www.cbinsights.com/company/oravel-stays
Melio,United States,Fintech,$4,https://www.cbinsights.com/company/melio
HEYTEA,China,Other,$9.28,https://www.cbinsights.com/company/heytea
N26,Germany,Fintech,$9.23,https://www.cbinsights.com/company/number26
Checkr,United States,Internet software & services,$4.6,https://www.cbinsights.com/company/checkr
Klaviyo,United States,Internet software & services,$9.2,https://www.cbinsights.com/company/klaviyo
Rapyd,United Kingdom,Fintech,$8.75,https://www.cbinsights.com/company/rapyd
SSENSE,Canada,E-commerce & direct-to-consumer,$4.15,https://www.cbinsights.com/company/ssense
Snyk,United States,Cybersecurity,$8.6,https://www.cbinsights.com/company/snyk
Pony.ai,United States,Artificial intelligence,$5.3,https://www.cbinsights.com/company/ponyai
Color,United States,Health,$4.6,https://www.cbinsights.com/company/color-genomics
Netskope,United States,Cybersecurity,$7.5,https://www.cbinsights.com/company/netskope
Trade Republic,Germany,Fintech,$5.3,https://www.cbinsights.com/company/trade-republic-bank
Meizu Technology,China,Hardware,$4.58,https://www.cbinsights.com/company/meizu
Getir,Turkey,E-commerce & direct-to-consumer,$7.5,https://www.cbinsights.com/company/getir
Vinted,Lithuania,E-commerce & direct-to-consumer,$4.53,https://www.cbinsights.com/company/vinted
OakNorth Bank,United Kingdom,Fintech,$5,https://www.cbinsights.com/company/oaknorth-bank
VIPKid,China,Edtech,$4.5,https://www.cbinsights.com/company/vipkid
Collibra,Belgium,Data management & analytics,$5.25,https://www.cbinsights.com/company/collibra
Rappi,Colombia,"Supply chain, logistics, & delivery",$5.25,https://www.cbinsights.com/company/rappi
Blockchain.com,United Kingdom,Fintech,$5.2,https://www.cbinsights.com/company/blockchain
Moon Active,Israel,Mobile & telecommunications,$5,https://www.cbinsights.com/company/moon-active-1
Ola Cabs,India,Auto & transportation,$7.5,https://www.cbinsights.com/company/ani-technologies
Tipalti,United States,Fintech,$8.3,https://www.cbinsights.com/company/tipalti
FiveTran,United States,Data management & analytics,$5.6,https://www.cbinsights.com/company/fivetran
Dream11,India,Internet software & services,$8,https://www.cbinsights.com/company/dream11
Dataminr,United States,Artificial intelligence,$4.1,https://www.cbinsights.com/company/dataminr
BitPanda,Austria,Fintech,$4.11,https://www.cbinsights.com/company/bitpanda
Houzz,United States,E-commerce & direct-to-consumer,$4,https://www.cbinsights.com/company/houzz
Socure,United States,Cybersecurity,$4.5,https://www.cbinsights.com/company/socure
Razorpay,India,Fintech,$7.5,https://www.cbinsights.com/company/razorpay-software
Workato,United States,Internet software & services,$5.7,https://www.cbinsights.com/company/workato
OfBusiness,India,E-commerce & direct-to-consumer,$5,https://www.cbinsights.com/company/ofbusiness
Cockroach Labs,United States,Data management & analytics,$5,https://www.cbinsights.com/company/cockroach-labs
Cityblock Health,United States,Health,$5.7,https://www.cbinsights.com/company/cityblock-health
Monzo,United Kingdom,Fintech,$4.5,https://www.cbinsights.com/company/mondo
Qonto,France,Fintech,$5,https://www.cbinsights.com/company/qonto
UBTECH Robotics,China,Hardware,$4.45,https://www.cbinsights.com/company/ubtech-robotics
Ola Electric Mobility,India,Auto & transportation,$5,https://www.cbinsights.com/company/ola-electric-mobility
Fireblocks,United States,Fintech,$8,https://www.cbinsights.com/company/fireblocks
Outreach,United States,Internet software & services,$4.4,https://www.cbinsights.com/company/componentlab
CRED,India,Fintech,$4.01,https://www.cbinsights.com/company/cred
Yello Mobile,South Korea,Mobile & telecommunications,$4,https://www.cbinsights.com/company/yello-mobile
MEGVII,China,Artificial intelligence,$4,https://www.cbinsights.com/company/megvii
Greensill,United Kingdom,Fintech,$4,https://www.cbinsights.com/company/greensill
Traveloka,Indonesia,Travel,$3,https://www.cbinsights.com/company/traveloka-indonesia
Icertis,United States,Artificial intelligence,$5,https://www.cbinsights.com/company/icertis
Vuori,United States,E-commerce & direct-to-consumer,$4,https://www.cbinsights.com/company/airwallex
Impossible Foods,United States,Consumer & retail,$4,https://www.cbinsights.com/company/impossible-foods
OneTrust,United States,Internet software & services,$5.1,https://www.cbinsights.com/company/onetrust
Radiology Partners,United States,Health,$4,https://www.cbinsights.com/company/radiology-partners
QuintoAndar,Brazil,E-commerce & direct-to-consumer,$5.1,https://www.cbinsights.com/company/quintoandar
Next Insurance,United States,Fintech,$4,https://www.cbinsights.com/company/next-insurance
C6 Bank,Brazil,Fintech,$5.05,https://www.cbinsights.com/company/c6-bank
Hopper,Canada,Travel,$5,https://www.cbinsights.com/company/hopper
Patreon,United States,Internet software & services,$4,https://www.cbinsights.com/company/patreon
ClickUp,United States,Internet software & services,$4,https://www.cbinsights.com/company/clickup
United Imaging Healthcare,China,Health,$5,https://www.cbinsights.com/company/united-imaging-healthcare
Cerebras Systems,United States,Hardware,$4,https://www.cbinsights.com/company/cerebras-systems
Meesho,India,Internet software & services,$4.9,https://www.cbinsights.com/company/meesho
BetterUp,United States,Internet software & services,$4.7,https://www.cbinsights.com/company/betterup
Farmers Business Network,United States,Other,$4,https://www.cbinsights.com/company/farmers-business-network
Branch,United States,Mobile & telecommunications,$4,https://www.cbinsights.com/company/branch-metrics
Cerebral,United States,Health,$4.8,https://www.cbinsights.com/company/cerebral
Chainalysis,United States,Fintech,$4.2,https://www.cbinsights.com/company/chainalysis
ThoughtSpot,United States,Internet software & services,$4.2,https://www.cbinsights.com/company/thoughtspot
Globalization Partners,United States,Internet software & services,$4.2,https://www.cbinsights.com/company/globalization-partners
PointClickCare,Canada,Internet software & services,$4,https://www.cbinsights.com/company/pointclickcare
Medlinker,China,Health,$3.92,https://www.cbinsights.com/company/medlinker
Intarcia Therapeutics,United States,Health,$3.8,https://www.cbinsights.com/company/intarcia-therapeutics
StockX,United States,E-commerce & direct-to-consumer,$3.8,https://www.cbinsights.com/company/stockx
Zapier,United States,Internet software & services,$4,https://www.cbinsights.com/company/zapier
MessageBird,Netherlands,Mobile & telecommunications,$3.8,https://www.cbinsights.com/company/messagebird
Creditas,Brazil,Fintech,$4.8,https://www.cbinsights.com/company/bankfacil
Clubhouse,United States,Mobile & telecommunications,$4,https://www.cbinsights.com/company/clubhouse
Chipone,China,Hardware,$4.73,https://www.cbinsights.com/company/chipone
BrowserStack,Ireland,Internet software & services,$4,https://www.cbinsights.com/company/browserstack
Pleo,Denmark,Fintech,$4.7,https://www.cbinsights.com/company/pleo
Anduril,United States,Artificial intelligence,$4.6,https://www.cbinsights.com/company/anduril
Hello TransTech,China,Auto & transportation,$5,https://www.cbinsights.com/company/hellobike
Checkout.com,United Kingdom,Fintech,$40,https://www.cbinsights.com/company/checkoutcom
WM Motor,China,Auto & transportation,$5,https://www.cbinsights.com/company/wm-motor
Northvolt,Sweden,Other,$9.08,https://www.cbinsights.com/company/northvolt
Howden Group Holdings,United Kingdom,Other,$5,https://www.cbinsights.com/company/hyperion-insurance-group
SambaNova Systems,United States,Data management & analytics,$5,https://www.cbinsights.com/company/sambanova-systems
BitSight Technologies,United States,Cybersecurity,$2.4,https://www.cbinsights.com/company/exabeam
SouChe Holdings,China,E-commerce & direct-to-consumer,$3,https://www.cbinsights.com/company/souche-holdings
Sorare,France,E-commerce & direct-to-consumer,$4.3,https://www.cbinsights.com/company/sorare
ZEPZ,United Kingdom,Fintech,$5,https://www.cbinsights.com/company/worldremit
Horizon Robotics,China,Artificial intelligence,$5,https://www.cbinsights.com/company/horizon-robotics
Arctic Wolf Networks,United States,Cybersecurity,$4.3,https://www.cbinsights.com/company/arctic-wolf-networks
Deel,United States,Fintech,$5.5,https://www.cbinsights.com/company/deel
Olive,United States,Internet software & services,$4,https://www.cbinsights.com/company/crosschx
Airwallex,Australia,Fintech,$5.5,https://www.cbinsights.com/company/airwallex
Dataiku,United States,Internet software & services,$4.6,https://www.cbinsights.com/company/dataiku
Rubrik,United States,Data management & analytics,$4,https://www.cbinsights.com/company/rubrik
Mambu,Netherlands,Fintech,$5.5,https://www.cbinsights.com/company/mambu
Guild Education,United States,Internet software & services,$3.75,https://www.cbinsights.com/company/guild-education
BGL Group,United Kingdom,Fintech,$3,https://www.cbinsights.com/company/bgl-group
Articulate,United States,Edtech,$3.75,https://www.cbinsights.com/company/articulate
FalconX,United States,Fintech,$3.75,https://www.cbinsights.com/company/falconx
Toss,South Korea,Fintech,$7.4,https://www.cbinsights.com/company/viva-republica-co-ltd
Dutchie,United States,E-commerce & direct-to-consumer,$3.75,https://www.cbinsights.com/company/dutchie
Back Market,France,E-commerce & direct-to-consumer,$5.7,https://www.cbinsights.com/company/back-market
Unqork,United States,Fintech,$2,https://www.cbinsights.com/company/unqork
Trumid,United States,Fintech,$2.4,https://www.cbinsights.com/company/trumid-holdings
Rec Room,United States,Internet software & services,$3.5,https://www.cbinsights.com/company/against-gravity-corp
Lyra Health,United States,Health,$5.85,https://www.cbinsights.com/company/lyra-health
VAST Data,United States,Data management & analytics,$3.7,https://www.cbinsights.com/company/vast-data
GOAT,United States,E-commerce & direct-to-consumer,$3.7,https://www.cbinsights.com/company/grubwithus
Noom,United States,Health,$3.7,https://www.cbinsights.com/company/noom
Redwood Materials,United States,Other,$3.7,https://www.cbinsights.com/company/redwood-materials
Neo4j,United States,Data management & analytics,$2.15,https://www.cbinsights.com/company/neo-technology
Project44,United States,"Supply chain, logistics, & delivery",$2.62,https://www.cbinsights.com/company/project44
Papaya Global,United States,Internet software & services,$3.7,https://www.cbinsights.com/company/papaya-global
Relativity Space,United States,Other,$4.2,https://www.cbinsights.com/company/relativity-space
Bought By Many,United Kingdom,Fintech,$2.35,https://www.cbinsights.com/company/bought-by-many
ShareChat,India,Internet software & services,$3.7,https://www.cbinsights.com/company/sharechat
Relativity,United States,Internet software & services,$3.6,https://www.cbinsights.com/company/kcura-corporation
Whoop,United States,E-commerce & direct-to-consumer,$3.6,https://www.cbinsights.com/company/bobo-analytics
Diamond Foundry,United States,Other,$1.8,https://www.cbinsights.com/company/diamond-foundry
Jobandtalent,Spain,Internet software & services,$2.35,https://www.cbinsights.com/company/jobandtalent
Virta Health,United States,Health,$2,https://www.cbinsights.com/company/virta-health-corp
WEMAKEPRICE,South Korea,E-commerce & direct-to-consumer,$2.34,https://www.cbinsights.com/company/wemakeprice-inc
Applied Intuition,United States,Data management & analytics,$3.6,https://www.cbinsights.com/company/applied-intuition
Biren Technology,China,Hardware,$2.32,https://www.cbinsights.com/company/biren-techonology
Course Hero,United States,Edtech,$3.6,https://www.cbinsights.com/company/course-hero
Voodoo,France,Other,$2.31,https://www.cbinsights.com/company/voodoo
Otto Bock HealthCare,Germany,Health,$3.52,https://www.cbinsights.com/company/otto-bock
ISN,United States,"Supply chain, logistics, & delivery",$2,https://www.cbinsights.com/company/isnetworld
Indigo Ag,United States,Artificial intelligence,$3.5,https://www.cbinsights.com/company/symbiota
Youxia Motors,China,Auto & transportation,$3.35,https://www.cbinsights.com/company/youxia
Digit Insurance,India,Fintech,$3.5,https://www.cbinsights.com/company/digit-insurance
Uptake,United States,Artificial intelligence,$2.3,https://www.cbinsights.com/company/uptake-technologies
Commure,United States,Internet software & services,$3.5,https://www.cbinsights.com/company/commure
KeepTruckin,United States,"Supply chain, logistics, & delivery",$2.3,https://www.cbinsights.com/company/keeptruckin
Mirakl,France,E-commerce & direct-to-consumer,$3.5,https://www.cbinsights.com/company/mirakl
Skydance Media,United States,Other,$2.3,https://www.cbinsights.com/company/skydance-media
Greenlight,United States,Fintech,$2.3,https://www.cbinsights.com/company/greenlight1
Cohesity,United States,Data management & analytics,$3.7,https://www.cbinsights.com/company/cohesity
Circle,United States,Fintech,$3,https://www.cbinsights.com/company/circle-internet-financial
OwnBackup,United States,Data management & analytics,$3.35,https://www.cbinsights.com/company/ownbackup
Zuoyebang,China,Edtech,$3,https://www.cbinsights.com/company/zuoyebang
Starburst,United States,Data management & analytics,$3.35,https://www.cbinsights.com/company/starburst
Cloudwalk,China,Artificial intelligence,$3.32,https://www.cbinsights.com/company/cloudwalk-1
ABL Space Systems,United States,Other,$2.4,https://www.cbinsights.com/company/abl-space-systems
Coalition,United States,Cybersecurity,$3.5,https://www.cbinsights.com/company/coalition
Delhivery,India,"Supply chain, logistics, & delivery",$3,https://www.cbinsights.com/company/ssn-logistics
Tekion,United States,Internet software & services,$3.5,https://www.cbinsights.com/company/tekio
CloudWalk,Brazil,Fintech,$2.15,https://www.cbinsights.com/company/cloudwalk
FlixMobility,Germany,Auto & transportation,$3,https://www.cbinsights.com/company/fixbus
FirstCry,India,E-commerce & direct-to-consumer,$2.1,https://www.cbinsights.com/company/brainbees-solutions
Celsius Network,United States,Fintech,$3.5,https://www.cbinsights.com/company/celsius-network
Bowery Farming,United States,Other,$2.3,https://www.cbinsights.com/company/bowery-farming
Eightfold.ai,United States,Internet software & services,$2.1,https://www.cbinsights.com/company/eightfoldai
ECARX,China,Auto & transportation,$3.31,https://www.cbinsights.com/company/ecarx
GoStudent,Austria,Edtech,$3.5,https://www.cbinsights.com/company/gostudent
Odoo,Belgium,Internet software & services,$2.3,https://www.cbinsights.com/company/openerp
Sila Nanotechnologies,United States,Other,$3.3,https://www.cbinsights.com/company/sila-nanotechnologies
MoMo,Vietnam,Fintech,$2.27,https://www.cbinsights.com/company/mservice
Scopely,United States,Mobile & telecommunications,$3.3,https://www.cbinsights.com/company/scopely
Ankorstore,France,E-commerce & direct-to-consumer,$2.26,https://www.cbinsights.com/company/ankorstore
WeRide,China,Auto & transportation,$3.3,https://www.cbinsights.com/company/jingchi
Wildlife Studios,Brazil,Other,$3,https://www.cbinsights.com/company/wildlife-studios
Pine Labs,India,Fintech,$3,https://www.cbinsights.com/company/pine-labs
Zume,United States,Consumer & retail,$2.25,https://www.cbinsights.com/company/zume-pizza
ApplyBoard,Canada,Edtech,$3,https://www.cbinsights.com/company/applyboard
Algolia,United States,Internet software & services,$2.25,https://www.cbinsights.com/company/algolia
Forter,United States,Cybersecurity,$3,https://www.cbinsights.com/company/forter
Pattern,United States,Internet software & services,$2.25,https://www.cbinsights.com/company/pattern-1
Komodo Health,United States,Health,$3.3,https://www.cbinsights.com/company/komodo-health
Miaoshou Doctor,China,E-commerce & direct-to-consumer,$4.25,https://www.cbinsights.com/company/miaoshou-doctor
NuCom Group,Germany,Other,$2.2,https://www.cbinsights.com/company/nucom-grou
Kurly,South Korea,"Supply chain, logistics, & delivery",$3.3,https://www.cbinsights.com/company/market-kurly
Cars24,India,E-commerce & direct-to-consumer,$3.3,https://www.cbinsights.com/company/cars24
BlockDaemon,United States,Fintech,$3.25,https://www.cbinsights.com/company/blockdaemon
Dadi Cinema,China,Other,$3.24,https://www.cbinsights.com/company/guangdong-dadi-cinema-construction
Thumbtack,United States,E-commerce & direct-to-consumer,$3.2,https://www.cbinsights.com/company/thumbtack
Cedar,United States,Fintech,$3.2,https://www.cbinsights.com/company/cedar
Eruditus Executive Education,India,Edtech,$3.2,https://www.cbinsights.com/company/eruditus-executive-education
Dialpad,United States,Internet software & services,$2.2,https://www.cbinsights.com/company/firespotter-labs
Calendly,United States,Internet software & services,$3,https://www.cbinsights.com/company/calendly
Current,United States,Fintech,$2.2,https://www.cbinsights.com/company/current
MUSINSA,South Korea,E-commerce & direct-to-consumer,$2.2,https://www.cbinsights.com/company/musinsa
Blockstream,Canada,Fintech,$3.2,https://www.cbinsights.com/company/blockstream-corp
Bitso,Mexico,Fintech,$2.2,https://www.cbinsights.com/company/bitso
Huaqin Telecom Technology,China,Mobile & telecommunications,$2.19,https://www.cbinsights.com/company/huaqin-telecom-technology
ConsenSys,United States,Fintech,$3.2,https://www.cbinsights.com/company/consensys
Accelerant,United Kingdom,Other,$2.19,https://www.cbinsights.com/company/accelerant
Innovaccer,United States,Health,$3.2,https://www.cbinsights.com/company/innovaccer
BlockFi,United States,Fintech,$3,https://www.cbinsights.com/company/blockfi
Hesai Tech,China,Artificial intelligence,$2.18,https://www.cbinsights.com/company/hesai-tech
ActiveCampaign,United States,Internet software & services,$3,https://www.cbinsights.com/company/activecampaign
CMR Surgical,United Kingdom,Health,$3,https://www.cbinsights.com/company/cambridge-medical-robotics
Kavak,Mexico,E-commerce & direct-to-consumer,$8.7,https://www.cbinsights.com/company/kavak
Ironclad,United States,Internet software & services,$3.2,https://www.cbinsights.com/company/ironclad
Lucid Software,United States,Internet software & services,$3,https://www.cbinsights.com/company/lucid-software
HyalRoute,Singapore,Mobile & telecommunications,$3.5,https://www.cbinsights.com/company/hyalroute
Age of Learning,United States,Edtech,$3,https://www.cbinsights.com/company/age-of-learning
Carbon Health,United States,Health,$3,https://www.cbinsights.com/company/carbon-health
YITU Technology,China,Artificial intelligence,$2.17,https://www.cbinsights.com/company/yitu-technology
Contentful,Germany,Internet software & services,$3,https://www.cbinsights.com/company/contentful
Unacademy,India,Edtech,$3.44,https://www.cbinsights.com/company/unacademy
Handshake,United States,Internet software & services,$3.5,https://www.cbinsights.com/company/handshake
Addepar,United States,Fintech,$2.17,https://www.cbinsights.com/company/addepar
ChargeBee Technologies,United States,Fintech,$3.5,https://www.cbinsights.com/company/chargebee
Hozon Auto,China,Auto & transportation,$2.74,https://www.cbinsights.com/company/hozon-technology
LaunchDarkly,United States,Internet software & services,$3,https://www.cbinsights.com/company/launchdarkly
Seismic,United States,Internet software & services,$3,https://www.cbinsights.com/company/seismic-software
Earnix,Israel,Fintech,$2,https://www.cbinsights.com/company/earnix
Improbable,United Kingdom,Other,$2,https://www.cbinsights.com/company/improbable
Grafana Labs,United States,Internet software & services,$3,https://www.cbinsights.com/company/grafana-labs
Tradeshift,United States,Fintech,$2.7,https://www.cbinsights.com/company/tradeshift
Guoquan Shihui,China,Consumer & retail,$2,https://www.cbinsights.com/company/guoquan-shihui
Nextiva,United States,Internet software & services,$2.7,https://www.cbinsights.com/company/nextiva
Gorillas,Germany,E-commerce & direct-to-consumer,$3.1,https://www.cbinsights.com/company/gorillas
Arrail Dental,China,Health,$2,https://www.cbinsights.com/company/arrail-dental
Highspot,United States,Internet software & services,$3.5,https://www.cbinsights.com/company/highspot
o9 Solutions,United States,Artificial intelligence,$2.7,https://www.cbinsights.com/company/o9-solutions
Sky Mavis,Vietnam,Internet software & services,$3,https://www.cbinsights.com/company/axie-infinity
Clearco,Canada,Fintech,$2,https://www.cbinsights.com/company/clearbanc
MoonPay,United States,Fintech,$3.4,https://www.cbinsights.com/company/moonpay
Outschool,United States,Edtech,$3,https://www.cbinsights.com/company/outschool
Urban Company,India,E-commerce & direct-to-consumer,$2.1,https://www.cbinsights.com/company/urbanclap-technologies
Upstox,India,Fintech,$3.4,https://www.cbinsights.com/company/rksv
TradingView,United States,Fintech,$3,https://www.cbinsights.com/company/tradingview
FullStory,United States,Internet software & services,$1.8,https://www.cbinsights.com/company/fullstory
Skims,United States,E-commerce & direct-to-consumer,$3.2,https://www.cbinsights.com/company/skims
Groww,India,Fintech,$3,https://www.cbinsights.com/company/groww
Huitongda,China,E-commerce & direct-to-consumer,$3.18,https://www.cbinsights.com/company/huitongda
Podium,United States,Internet software & services,$3,https://www.cbinsights.com/company/repdrive
PsiQuantum,United States,Hardware,$3.15,https://www.cbinsights.com/company/psiq
Via,United States,Auto & transportation,$3.3,https://www.cbinsights.com/company/via-transportation
SpotOn,United States,Fintech,$3.15,https://www.cbinsights.com/company/spoton
ReCharge,United States,Fintech,$2.1,https://www.cbinsights.com/company/recharge
Anchorage Digital,United States,Fintech,$3,https://www.cbinsights.com/company/anchorage
Moveworks,United States,Artificial intelligence ,$2.1,https://www.cbinsights.com/company/moveworks
Medable,United States,Internet software & services ,$2.1,https://www.cbinsights.com/company/medable
Gympass,United States,Internet software & services,$2.2,https://www.cbinsights.com/company/gympass
SoundHound,United States,Artificial intelligence,$2.1,https://www.cbinsights.com/company/soundhound
Reify Health,United States,Health,$2.2,https://www.cbinsights.com/company/reify-health
PAX,United States,Consumer & retail,$1.7,https://www.cbinsights.com/company/ploom
Harness,United States,Artificial intelligence,$1.7,https://www.cbinsights.com/company/harness
Udaan,India,"Supply chain, logistics, & delivery",$3.1,https://www.cbinsights.com/company/udaan
HighRadius,United States,Fintech,$3.1,https://www.cbinsights.com/company/highradius
Reltio,United States,Data management & analytics,$1.7,https://www.cbinsights.com/company/reltio
Nuvemshop,Brazil,E-commerce & direct-to-consumer,$3.1,https://www.cbinsights.com/company/tienda-nube-nuvem-shop
DailyHunt,India,Internet software & services,$3.1,https://www.cbinsights.com/company/eterno-infotech-pvt-ltd
Yixia,China,Mobile & telecommunications,$3,https://www.cbinsights.com/company/xuanyixia
H2O.ai,United States,Artificial intelligence,$1.7,https://www.cbinsights.com/company/h2oai
ZenBusiness,United States,Fintech,$1.7,https://www.cbinsights.com/company/startup-app
DispatchHealth,United States,Health,$1.7,https://www.cbinsights.com/company/dispatchhealth
Unite Us,United States,Health,$1.7,https://www.cbinsights.com/company/unite-us
CircleCI,United States,Internet software & services,$1.7,https://www.cbinsights.com/company/circleci
Wave,Senegal,Fintech,$1.7,https://www.cbinsights.com/company/wave
Carsome,Malaysia,E-commerce & direct-to-consumer,$1.7,https://www.cbinsights.com/company/carsome
GoCardless,United Kingdom,Fintech,$2.1,https://www.cbinsights.com/company/gocardless
Vestiaire Collective,France,E-commerce & direct-to-consumer,$1.7,https://www.cbinsights.com/company/vestiaire-collective
Productboard,United States,Internet software & services,$1.7,https://www.cbinsights.com/company/productboard
Trendy Group International,Hong Kong,Consumer & retail,$2,https://www.cbinsights.com/company/trendy-group-international
Alan,France,Fintech,$1.68,https://www.cbinsights.com/company/alan
Trader Interactive,United States,Other,$1.63,https://www.cbinsights.com/company/trader-interactive
wefox,Germany,Fintech,$1.65,https://www.cbinsights.com/company/financefox
Dragos,United States,Cybersecurity,$1.7,https://www.cbinsights.com/company/dragos
Avant,United States,Artificial intelligence,$2,https://www.cbinsights.com/company/avant-credit
Jusfoun Big Data,China,Data management & analytics,$1.62,https://www.cbinsights.com/company/jusfoun-big-data
Tubatu.com,China,E-commerce & direct-to-consumer,$2,https://www.cbinsights.com/company/to8to
Cato Networks,Israel,Cybersecurity,$2.5,https://www.cbinsights.com/company/cato-networks
Transcarent,United States,Health,$1.62,https://www.cbinsights.com/company/transcarent
BlaBlaCar,France,Auto & transportation,$2,https://www.cbinsights.com/company/blablacar
Sourcegraph,United States,Internet software & services,$2.62,https://www.cbinsights.com/company/sourcegraph
HuiMin,China,E-commerce & direct-to-consumer,$2,https://www.cbinsights.com/company/huimincn
Pendo,United States,Internet software & services,$2.6,https://www.cbinsights.com/company/pendoio
Plume,United States,Internet software & services,$2.6,https://www.cbinsights.com/company/accelera-mobile-broadband
Quora,United States,Internet software & services,$2,https://www.cbinsights.com/company/quora
Moglix,Singapore,E-commerce & direct-to-consumer,$2.6,https://www.cbinsights.com/company/moglix
Xinchao Media,China,Internet software & services,$2,https://www.cbinsights.com/company/xinchao-media
Hibob,Israel,Internet software & services,$1.65,https://www.cbinsights.com/company/hibob
JumpCloud,United States,Data management & analytics,$2.62,https://www.cbinsights.com/company/jumpcloud
Mu Sigma,United States,Data management & analytics,$1.5,https://www.cbinsights.com/company/mu-sigma
Vista Global,United Arab Emirates,Other,$2.5,https://www.cbinsights.com/company/vistajet
TuJia,China,Travel,$1.5,https://www.cbinsights.com/company/tujia
BYTON,China,Auto & transportation,$2.5,https://www.cbinsights.com/company/future-mobility
Mofang Living,China,E-commerce & direct-to-consumer,$1.5,https://www.cbinsights.com/company/mofang-gongyu
Acronis,Switzerland,Cybersecurity,$2.5,https://www.cbinsights.com/company/acronis
ASAPP,United States,Artificial intelligence,$1.6,https://www.cbinsights.com/company/getasapp
Side,United States,Internet software & services,$2.5,https://www.cbinsights.com/company/side
SmartHR,Japan,Fintech,$1.6,https://www.cbinsights.com/company/smarthr
Lenskart,India,E-commerce & direct-to-consumer,$2.5,https://www.cbinsights.com/company/valyoo-technologies
Lightricks,Israel,Artificial intelligence,$1.8,https://www.cbinsights.com/company/lightricks-ltd
Mercury,United States,Fintech,$1.6,https://www.cbinsights.com/company/mercury-technologies
Gett,United Kingdom,Auto & transportation,$1.5,https://www.cbinsights.com/company/gettaxi
Opentrons,United States,Hardware,$1.8,https://www.cbinsights.com/company/opentrons
HomeLight,United States,Fintech,$1.6,https://www.cbinsights.com/company/homelight
DT Dream,China,Data management & analytics,$1.5,https://www.cbinsights.com/company/dt-dream
AIWAYS,China,Auto & transportation,$1.78,https://www.cbinsights.com/company/aiways
Changingedu,China,Edtech,$1.5,https://www.cbinsights.com/company/changingedu
Trulioo,Canada,Cybersecurity,$1.75,https://www.cbinsights.com/company/trulioo
XiaoZhu,China,Travel,$1.5,https://www.cbinsights.com/company/xiaozhu
Infra.Market,India,E-commerce & direct-to-consumer,$2.5,https://www.cbinsights.com/company/inframarket
Spinny,India,E-commerce & direct-to-consumer,$1.75,https://www.cbinsights.com/company/spinny
Varo Bank,United States,Fintech,$2.5,https://www.cbinsights.com/company/varo-money
Orca Security,United States,Cybersecurity,$1.8,https://www.cbinsights.com/company/orca-security
K Health,United States,Health,$1.5,https://www.cbinsights.com/company/kang-health
Apus Group,China,Mobile & telecommunications,$1.73,https://www.cbinsights.com/company/apus-group
Uplight,United States,Other,$1.5,https://www.cbinsights.com/company/uplight
Harry's,United States,Consumer & retail,$1.7,https://www.cbinsights.com/company/harrys-razor-company
JOLLY Information Technology,China,E-commerce & direct-to-consumer,$1.5,https://www.cbinsights.com/company/jolly-information-technology
Yijiupi,China,Consumer & retail,$1.5,https://www.cbinsights.com/company/yi-jiu-pi
Cambridge Mobile Telematics,United States,Mobile & telecommunications,$1.5,https://www.cbinsights.com/company/cambridge-mobile-telematics
Collective Health,United States,Fintech,$1.5,https://www.cbinsights.com/company/collective-health
Inxeption,United States,Fintech,$3,https://www.cbinsights.com/company/inxeption
Lattice,United States,Internet software & services,$3,https://www.cbinsights.com/company/lattice
Strava,United States,Internet software & services,$1.5,https://www.cbinsights.com/company/strava
ID.me,United States,Cybersecurity,$1.5,https://www.cbinsights.com/company/idme
Zenoti,United States,Internet software & services,$1.5,https://www.cbinsights.com/company/managemyspa
Flutterwave,United States,Fintech,$3,https://www.cbinsights.com/company/flutterwave
Snapdocs,United States,Fintech,$1.5,https://www.cbinsights.com/company/snapdocs
CoinList,United States,Fintech,$1.5,https://www.cbinsights.com/company/coinlist
Chipper Cash,United States,Fintech,$2,https://www.cbinsights.com/company/chipper-cash
Lusha,United States,Internet software & services,$1.5,https://www.cbinsights.com/company/lusha
Ledger,France,Hardware,$1.5,https://www.cbinsights.com/company/ledger
CureFit,India,Health,$1.5,https://www.cbinsights.com/company/curefit
DealShare,India,E-commerce & direct-to-consumer,$1.62,https://www.cbinsights.com/company/dealshare
Kraken,United States,Fintech,$2.92,https://www.cbinsights.com/company/payward
Zhubajie,China,Internet software & services,$1.61,https://www.cbinsights.com/company/zhubajie
solarisBank,Germany,Fintech,$1.65,https://www.cbinsights.com/company/solarisbank
Infinidat,United States,Hardware,$1.6,https://www.cbinsights.com/company/infinidat
Solugen,United States,Other,$1.5,https://www.cbinsights.com/company/solugen
Afiniti,Bermuda,Artificial intelligence,$1.6,https://www.cbinsights.com/company/afiniti
Olist,Brazil,E-commerce & direct-to-consumer,$1.5,https://www.cbinsights.com/company/solidarium
Next Silicon,Israel,Hardware,$1.5,https://www.cbinsights.com/company/next-silicon
Paradox,United States,Internet software & services,$1.5,https://www.cbinsights.com/company/paradox-1
Cao Cao Mobility,China,Auto & transportation,$1.6,https://www.cbinsights.com/company/caocao
Verkada,United States,Cybersecurity,$1.6,https://www.cbinsights.com/company/verkada
OpenAI,United States,Artificial intelligence,$2.92,https://www.cbinsights.com/company/openai
Clari,United States,Internet software & services,$2.6,https://www.cbinsights.com/company/clari
Ovo,Indonesia,Fintech,$2.9,https://www.cbinsights.com/company/ovo
YunQuNa,China,"Supply chain, logistics, & delivery",$1.5,https://www.cbinsights.com/company/yunquna
Workrise,United States,Internet software & services,$2.9,https://www.cbinsights.com/company/rigup
dbt Labs,United States,Data management & analytics,$1.5,https://www.cbinsights.com/company/fishtown-analytics
Loft,Brazil,E-commerce & direct-to-consumer,$2.9,https://www.cbinsights.com/company/loft
Impact,United States,Internet software & services,$1.5,https://www.cbinsights.com/company/impact-radius
Airbyte,United States,Internet software & services,$1.5,https://www.cbinsights.com/company/airbyte
StoreDot,Israel,Other,$1.5,https://www.cbinsights.com/company/storedot
Il Makiage,United States,E-commerce & direct-to-consumer,$1.5,https://www.cbinsights.com/company/il-makiage
Truepill,United States,Health,$1.6,https://www.cbinsights.com/company/truepill
Spendesk,France,Fintech,$1.5,https://www.cbinsights.com/company/spendesk
SmartRecruiters,United States,Internet software & services,$1.5,https://www.cbinsights.com/company/smartrecruiters
ezCater,United States,"Supply chain, logistics, & delivery",$1.6,https://www.cbinsights.com/company/ezcater
NotCo,Chile,Artificial Intelligence,$1.5,https://www.cbinsights.com/company/notco
Wayflyer,Ireland,Fintech,$1.6,https://www.cbinsights.com/company/wayflyer
BharatPe,India,Fintech,$2.85,https://www.cbinsights.com/company/bharatpe
Veriff,Estonia,Artificial intelligence,$1.5,https://www.cbinsights.com/company/veriff
Promasidor Holdings,South Africa,Consumer & retail,$1.59,https://www.cbinsights.com/company/promasidor-holdings
Deliverect,Belgium,Fintech,$1.4,https://www.cbinsights.com/company/deliverect
SparkCognition,United States,Artificial intelligence,$1.4,https://www.cbinsights.com/company/sparkcognition
Athelas,United States,Health,$1.5,https://www.cbinsights.com/company/athelas
DriveWealth,United States,Fintech,$2.85,https://www.cbinsights.com/company/mysolomeo-holdings
Flink,Germany,E-commerce & direct-to-consumer,$2.85,https://www.cbinsights.com/company/flink-2
ElasticRun,India,"Supply chain, logistics, & delivery",$1.5,https://www.cbinsights.com/company/elasticrun
Firebolt,Israel,Data management & analytics,$1.4,https://www.cbinsights.com/company/firebolt
Koudai,China,E-commerce & direct-to-consumer,$1.4,https://www.cbinsights.com/company/koudai-gouwu
Veho,United States,"Supply chain, logistics, & delivery",$1.5,https://www.cbinsights.com/company/veho-1
Xingsheng Selected,China,E-commerce & direct-to-consumer,$8,https://www.cbinsights.com/company/xingsheng-youxuan
Yipin Shengxian,China,E-commerce & direct-to-consumer,$1.49,https://www.cbinsights.com/company/yipin-shengxian
Phenom People,United States,Internet software & services,$1.4,https://www.cbinsights.com/company/phenom-people
Bordrin Motors,China,Auto & transportation,$1.48,https://www.cbinsights.com/company/bordrin-motors
GupShup,United States,Internet software & services,$1.4,https://www.cbinsights.com/company/sms-gupshup
Coocaa,China,Hardware,$1.45,https://www.cbinsights.com/company/coocaa
Degreed,United States,Edtech,$1.4,https://www.cbinsights.com/company/degreed
Meicai,China,Mobile & telecommunications,$2.8,https://www.cbinsights.com/company/meicai
Juma Peisong,China,"Supply chain, logistics, & delivery",$1.45,https://www.cbinsights.com/company/juma-peisong
Weee!,United States,"Supply chain, logistics, & delivery",$2.8,https://www.cbinsights.com/company/weee
Ouyeel,China,Internet software & services,$1.45,https://www.cbinsights.com/company/ouyeel
ContentSquare,France,Internet software & services,$2.8,https://www.cbinsights.com/company/contentsquare
Gymshark,United Kingdom,E-commerce & direct-to-consumer,$1.45,https://www.cbinsights.com/company/gymshark
Zipline,United States,"Supply chain, logistics, & delivery",$2.8,https://www.cbinsights.com/company/romotive
Zeta,United States,Fintech,$1.45,https://www.cbinsights.com/company/zeta-tech
Astranis Space Technologies,United States,Mobile & telecommunications,$1.4,https://www.cbinsights.com/company/astranis
Scalable Capital,Germany,Fintech,$1.4,https://www.cbinsights.com/company/scalable-capital
VideoAmp,United States,Internet software & services,$1.4,https://www.cbinsights.com/company/videoamp
Panther Labs,United States,Cybersecurity,$1.4,https://www.cbinsights.com/company/panther
Graphcore,United Kingdom,Artificial intelligence,$2.77,https://www.cbinsights.com/company/graphcore
Salt Security,United States,Cybersecurity,$1.4,https://www.cbinsights.com/company/secful
M1 Finance,United States,Fintech,$1.45,https://www.cbinsights.com/company/m1-finance
Illumio,United States,Cybersecurity,$2.75,https://www.cbinsights.com/company/illumio
Aleo,United States,Cybersecurity,$1.45,https://www.cbinsights.com/company/aleo-1
Convoy,United States,"Supply chain, logistics, & delivery",$2.75,https://www.cbinsights.com/company/convoy
Einride,Sweden,Auto & transportation,$1.44,https://www.cbinsights.com/company/einride
MasterClass,United States,Edtech,$2.75,https://www.cbinsights.com/company/yanka-industries
Justworks,United States,Internet software & services,$1.43,https://www.cbinsights.com/company/justworks
Tripledot Studios,United Kingdom,Mobile & telecommunications,$1.4,https://www.cbinsights.com/company/tripledot-studios
Veepee,France,E-commerce & direct-to-consumer,$1.38,https://www.cbinsights.com/company/vente-privee
Baiwang,China,Fintech,$1.55,https://www.cbinsights.com/company/baiwang
Neon,Brazil,Fintech,$1.38,https://www.cbinsights.com/company/neon
Iluvatar CoreX,China,Hardware,$1.55,https://www.cbinsights.com/company/iluvatar-corex
Dream Games,Turkey,Mobile & telecommunications,$2.75,https://www.cbinsights.com/company/dream-games
Wenheyou,China,Other,$1.55,https://www.cbinsights.com/company/wenheyou
Transmit Security,Israel,Cybersecurity,$2.74,https://www.cbinsights.com/company/transmit-security
Loom,United States,Internet software & services,$1.53,https://www.cbinsights.com/company/loom2
Epirus,United States,Other,$1.35,https://www.cbinsights.com/company/epirus
SonderMind,United States,Health,$1.42,https://www.cbinsights.com/company/sondermind
Ximalaya FM,China,Mobile & telecommunications,$1.52,https://www.cbinsights.com/company/tao-zui
Signifyd,United States,Fintech,$1.34,https://www.cbinsights.com/company/signifyd
Papa,United States,Health,$1.4,https://www.cbinsights.com/company/papa-technologies
Figment,Canada,Internet software & services,$1.4,https://www.cbinsights.com/company/figment-networks
Carzone,China,E-commerce & direct-to-consumer,$1.52,https://www.cbinsights.com/company/carzone
Huisuanzhang,China,Fintech,$1.28,https://www.cbinsights.com/company/hsuanzhang
Tonal,United States,E-commerce & direct-to-consumer,$1.6,https://www.cbinsights.com/company/tonal
WTOIP,China,Internet software & services,$1.27,https://www.cbinsights.com/company/wtoip
Clio,Canada,Internet software & services,$1.6,https://www.cbinsights.com/company/clio
SafetyCulture,Australia,Internet software & services,$1.6,https://www.cbinsights.com/company/safetyculture
Symphony,United States,Fintech,$1.4,https://www.cbinsights.com/company/symphony-communication-services-holdings
Extend,United States,Fintech,$1.6,https://www.cbinsights.com/company/extend
Yidian Zixun,China,Mobile & telecommunications,$1.4,https://www.cbinsights.com/company/particle
Envoy,United States,Internet software & services,$1.4,https://www.cbinsights.com/company/envoy
Cabify,Spain,Auto & transportation,$1.4,https://www.cbinsights.com/company/cabify
Elemy,United States,Health,$1.15,https://www.cbinsights.com/company/elemy
Motorway,United Kingdom,E-commerce & direct-to-consumer,$1.33,https://www.cbinsights.com/company/motorway
Hive Box,China,"Supply chain, logistics, & delivery",$1.4,https://www.cbinsights.com/company/hive-box
Flipboard,United States,Internet software & services,$1.32,https://www.cbinsights.com/company/flipboard
Deezer,France,Internet software & services,$1.4,https://www.cbinsights.com/company/deezer
Cognite,Norway,Data management & analytics,$1.5,https://www.cbinsights.com/company/cognite
Grove Collaborative,United States,E-commerce & direct-to-consumer,$1.32,https://www.cbinsights.com/company/grove-collaborative
Aibee,China,Artificial intelligence,$1.2,https://www.cbinsights.com/company/aibee
Doctolib,France,Health,$1.14,https://www.cbinsights.com/company/doctolib
BigID,United States,Cybersecurity,$1.25,https://www.cbinsights.com/company/bigid
GPclub,South Korea,Other,$1.32,https://www.cbinsights.com/company/gpclub
Cava Group,United States,Other,$1.3,https://www.cbinsights.com/company/cava-mezze-grill
Kuaikan Manhua,China,Internet software & services,$1.25,https://www.cbinsights.com/company/kuaikan-manhua
DeepBlue Technology,China,Artificial intelligence,$1.35,https://www.cbinsights.com/company/quixmart
Tongdun Technology,China,Cybersecurity,$1.32,https://www.cbinsights.com/company/tongdun-technology
Away,United States,E-commerce & direct-to-consumer,$1.4,https://www.cbinsights.com/company/away
Marshmallow,United Kingdom,Fintech,$1.25,https://www.cbinsights.com/company/marshmallow-financial-services
Athletic Greens,United States,Health,$1.32,https://www.cbinsights.com/company/athletic-greens
Vectra Networks,United States,Artificial intelligence,$1.2,https://www.cbinsights.com/company/vectra-networks
Honor Technology,United States,Internet software & services,$1.25,https://www.cbinsights.com/company/honor-technology
Webflow,United States,Internet software & services,$2.1,https://www.cbinsights.com/company/webflow
STORD,United States,"Supply chain, logistics, & delivery",$1.13,https://www.cbinsights.com/company/stord
Klook,Hong Kong,Travel,$1.35,https://www.cbinsights.com/company/klook
Kong,United States,Internet software & services,$1.4,https://www.cbinsights.com/company/mashape
Culture Amp,Australia,Internet software & services,$1.5,https://www.cbinsights.com/company/culture-amp
Ada Support,Canada,Artificial intelligence,$1.2,https://www.cbinsights.com/company/volley
Hive,United States,Artificial intelligence,$2,https://www.cbinsights.com/company/thehive-ai
Unisound,China,Artificial intelligence,$1.31,https://www.cbinsights.com/company/unisound
Mythical Games,United States,Internet software & services,$1.25,https://www.cbinsights.com/company/mythical-games
ManoMano,France,E-commerce & direct-to-consumer,$2.6,https://www.cbinsights.com/company/manomano
TELD,China,Fintech,$1.12,https://www.cbinsights.com/company/teld
Yaoshibang,China,Health,$1.35,https://www.cbinsights.com/company/yaoshibang
Preferred Networks,Japan,Artificial intelligence,$2,https://www.cbinsights.com/company/preferred-networks
Lacework,United States,Cybersecurity,$8.3,https://www.cbinsights.com/company/lacework
JUUL Labs,United States,Consumer & retail,$12,https://www.cbinsights.com/company/juul-labs
TaxBit,United States,Fintech,$1.5,https://www.cbinsights.com/company/taxbit
Inari,United States,Other,$1.2,https://www.cbinsights.com/company/inari-ag
Alzheon,United States,Health,$1.31,https://www.cbinsights.com/company/alzheon
KRY,Sweden,Health,$2,https://www.cbinsights.com/company/kry
Jiuxian,China,E-commerce & direct-to-consumer,$1.05,https://www.cbinsights.com/company/jiuxiancom
At-Bay,United States,Fintech,$1.35,https://www.cbinsights.com/company/at-bay
BYJU's,India,Edtech,$21,https://www.cbinsights.com/company/byjus
Aura,United States,Cybersecurity,$2.5,https://www.cbinsights.com/company/isubscribed
Formlabs,United States,Hardware,$2,https://www.cbinsights.com/company/formlabs
Black Unicorn Factory,United States,Other,$6.1,https://www.cbinsights.com/company/black-unicorn-factory
Instabase,United States,Data management & analytics,$1.05,https://www.cbinsights.com/company/instabase
Dxy.cn,China,Health,$1,https://www.cbinsights.com/company/dxy
HeartFlow,United States,Health,$1.3,https://www.cbinsights.com/company/heartflow
TangoMe,United States,Mobile & telecommunications,$1.1,https://www.cbinsights.com/company/tangome
Alation,United States,Internet software & services,$1.2,https://www.cbinsights.com/company/alation
Pacaso,United States,Fintech,$1.5,https://www.cbinsights.com/company/pacaso
Alloy,United States,Fintech,$1.35,https://www.cbinsights.com/company/alloy2
Kajabi,United States,Internet software & services,$2,https://www.cbinsights.com/company/kajabi
Carta,United States,Fintech,$7.4,https://www.cbinsights.com/company/eshares
EBANX,Brazil,Fintech,$1,https://www.cbinsights.com/company/ebanx
4Paradigm,China,Artificial intelligence,$2,https://www.cbinsights.com/company/4paradigm
Vercel,United States,Internet software & services,$2.5,https://www.cbinsights.com/company/zeit
Sendbird,United States,Mobile & telecommunications,$1.05,https://www.cbinsights.com/company/smile-family-inc
Trax,Singapore,Artificial intelligence,$1.3,https://www.cbinsights.com/company/trax-technology-solutions
Incode Technologies,United States,Cybersecurity,$1.25,https://www.cbinsights.com/company/incode1
Yunxuetang,China,Edtech,$1,https://www.cbinsights.com/company/yunxuetang
Orbbec Technology,China,Hardware,$1,https://www.cbinsights.com/company/orbbec-technology
Tractable,United Kingdom,Artificial intelligence,$1,https://www.cbinsights.com/company/tractable
AppDirect,United States,E-commerce & direct-to-consumer,$1.1,https://www.cbinsights.com/company/appdirect
Ethos,United States,Fintech,$2.7,https://www.cbinsights.com/company/ethos
KK Group,China,E-commerce & direct-to-consumer,$3,https://www.cbinsights.com/company/kkguancom
Dunamu,South Korea,Fintech,$1,https://www.cbinsights.com/company/dunamu
Sysdig,United States,Cybersecurity,$2.5,https://www.cbinsights.com/company/draios
Density,United States,Hardware,$1.05,https://www.cbinsights.com/company/density
Tackle.io,United States,Internet software & services,$1.25,https://www.cbinsights.com/company/tackleio
Cameo,United States,Internet software & services,$1,https://www.cbinsights.com/company/cameo
Forto,Germany,"Supply chain, logistics, & delivery",$1.2,https://www.cbinsights.com/company/freighthub
Juanpi,China,E-commerce & direct-to-consumer,$1.1,https://www.cbinsights.com/company/juanpicom
PayFit,United Kingdom,Fintech,$2.1,https://www.cbinsights.com/company/payfit
Bringg,Israel,"Supply chain, logistics, & delivery",$1,https://www.cbinsights.com/company/bringg
You & Mr Jones,United States,Other,$1.3,https://www.cbinsights.com/company/you-mr-jones
Alto Pharmacy,United States,Health,$1,https://www.cbinsights.com/company/alto-pharmacy
Shield AI,United States,Artificial intelligence,$1,https://www.cbinsights.com/company/shield-ai
Mixpanel,United States,Internet software & services,$1.05,https://www.cbinsights.com/company/mixpanel
Zetwerk,India,Internet software & services,$2.5,https://www.cbinsights.com/company/zetwerk
CargoX,Brazil,"Supply chain, logistics, & delivery",$1,https://www.cbinsights.com/company/cargox
SmartMore,China,Artificial Intelligence,$1.2,https://www.cbinsights.com/company/smartmore
1047 Games,United States,Internet software & services,$1.5,https://www.cbinsights.com/company/1047-games
OVH,France,Other,$1.1,https://www.cbinsights.com/company/ovh-hosting
Calm,United States,Consumer & retail,$2,https://www.cbinsights.com/company/calmcom
Claroty,United States,Cybersecurity,$1,https://www.cbinsights.com/company/claroty
Fetch Rewards,United States,E-commerce & direct-to-consumer,$1,https://www.cbinsights.com/company/fetch-rewards-llc
Hotmart,Netherlands,E-commerce & direct-to-consumer,$1,https://www.cbinsights.com/company/hotmart
PicsArt,United States,Mobile & telecommunications,$1,https://www.cbinsights.com/company/picsart
Uala,Argentina,Fintech,$2.45,https://www.cbinsights.com/company/uala
Beisen,China,Internet software & services,$2,https://www.cbinsights.com/company/beisen
Flipdish,Ireland,Internet software & services,$1.25,https://www.cbinsights.com/company/flipdish
Rohlik,Czech Republic,"Supply chain, logistics, & delivery",$1.2,https://www.cbinsights.com/company/smartmore
HMD Global,Finland,Mobile & telecommunications,$1,https://www.cbinsights.com/company/hmd-global
Aprogen,South Korea,Health,$1.04,https://www.cbinsights.com/company/aprogen
Eat Just,United States,Consumer & retail,$1.1,https://www.cbinsights.com/company/hampton-creek-foods
InSightec,Israel,Health,$1.3,https://www.cbinsights.com/company/insightec
Kaseya,United States,Cybersecurity,$2,https://www.cbinsights.com/company/kaseya
JoyTunes,Israel,Edtech,$1,https://www.cbinsights.com/company/joytunes
Matillion,United Kingdom,Data management & analytics,$1.5,https://www.cbinsights.com/company/matillion
Hyperchain,China,Fintech,$1,https://www.cbinsights.com/company/hyperchian
Pipe,United States,Fintech,$2,https://www.cbinsights.com/company/pipe
Route,United States,"Supply chain, logistics, & delivery",$1.25,https://www.cbinsights.com/company/route
GetYourGuide,Germany,Travel,$1.1,https://www.cbinsights.com/company/getyourguide
Persona,United States,Cybersecurity,$1.5,https://www.cbinsights.com/company/persona-1
1KMXC,China,Hardware,$1,https://www.cbinsights.com/company/yigongli
The Zebra,United States,E-commerce & direct-to-consumer,$1,https://www.cbinsights.com/company/insurance-zebra
Everly Health,United States,E-commerce & direct-to-consumer,$1.3,https://www.cbinsights.com/company/everlywell
Aircall,United States,Internet software & services,$1,https://www.cbinsights.com/company/aircall
Prime Medicine,United States,Health,$1.2,https://www.cbinsights.com/company/prime-medicine
Fabric,United States,"Supply chain, logistics, & delivery",$1,https://www.cbinsights.com/company/commonsense
CaptivateIQ,United States,Fintech,$1.25,https://www.cbinsights.com/company/captivateiq
Ivalua,United States,Fintech,$1.1,https://www.cbinsights.com/company/ivalua
FloQast,United States,Fintech,$1.2,https://www.cbinsights.com/company/floqast
Emerging Markets Property Group,United Arab Emirates,Other,$1,https://www.cbinsights.com/company/emerging-markets-property-group
Mobile Premier League,India,Internet software & services,$2.45,https://www.cbinsights.com/company/mobile-premier-league
Augury,United States,Artificial intelligence,$1,https://www.cbinsights.com/company/augury-systems
SmartAsset,United States,Fintech,$1,https://www.cbinsights.com/company/smartasset
OrCam Technologies,Israel,Artificial intelligence,$1.03,https://www.cbinsights.com/company/orcam-technologies
Iterable,United States,Internet software & services,$2,https://www.cbinsights.com/company/iterable
Sisense,United States,Data management & analytics,$1.1,https://www.cbinsights.com/company/sisense
BrewDog,United Kingdom,Consumer & retail,$1.24,https://www.cbinsights.com/company/brewdog
Quizlet,United States,Edtech,$1,https://www.cbinsights.com/company/quizlet
Morning Consult,United States,Internet software & services,$1,https://www.cbinsights.com/company/morning-consult
Manner,China,Other,$1.3,https://www.cbinsights.com/company/manner
Huike Group,China,Edtech,$1,https://www.cbinsights.com/company/uniquedu
Mafengwo,China,Travel,$2,https://www.cbinsights.com/company/mafengwocn
Whatnot,United States,E-commerce & direct-to-consumer,$1.5,https://www.cbinsights.com/company/whatnot
Pet Circle,Australia,E-commerce & direct-to-consumer,$1,https://www.cbinsights.com/company/paws-for-life
Cybereason,United States,Cybersecurity,$2.44,https://www.cbinsights.com/company/cybereason
Pharmapacks,United States,E-commerce & direct-to-consumer,$1.1,https://www.cbinsights.com/company/pharmapacks
Enflame,China,Hardware,$1.24,https://www.cbinsights.com/company/enflame
Bunq,Netherlands,Fintech,$2,https://www.cbinsights.com/company/bunq
Visier,Canada,Internet software & services,$1,https://www.cbinsights.com/company/visier
China Cloud,China,Hardware,$1,https://www.cbinsights.com/company/china-cloud-technology-service
Cgtz,China,Fintech,$2.41,https://www.cbinsights.com/company/cgtz
Druva,United States,Data management & analytics,$2,https://www.cbinsights.com/company/druva
TalkingData,China,Mobile & telecommunications,$1.3,https://www.cbinsights.com/company/talkingdata
Clearcover,United States,Fintech,$1,https://www.cbinsights.com/company/clearcover
MindTickle,United States,Internet software & services,$1.2,https://www.cbinsights.com/company/mindtickle
Cider,Hong Kong,E-commerce & direct-to-consumer,$1,https://www.cbinsights.com/company/cider
EQRx,United States,Health,$1.23,https://www.cbinsights.com/company/eqrx
Leap Motor,China,Auto & transportation,$1.01,https://www.cbinsights.com/company/leap-motor
Ascend Money,Thailand,Fintech,$1.5,https://www.cbinsights.com/company/ascend-money
Orca Bio,United States,Health,$1,https://www.cbinsights.com/company/orca-bio
Clip,Mexico,Fintech,$2,https://www.cbinsights.com/company/payclip
LinkDoc Technology,China,Health,$1,https://www.cbinsights.com/company/linkdoc-technology
Star Charge,China,Auto & transportation,$2.41,https://www.cbinsights.com/company/star-charge
Sennder,Germany,"Supply chain, logistics, & delivery",$1.1,https://www.cbinsights.com/company/sennder
DistroKid,United States,Internet software & services,$1.3,https://www.cbinsights.com/company/distrokid
Berlin Brands Group,Germany,E-commerce & direct-to-consumer,$1,https://www.cbinsights.com/company/chal-tec
UpGrad,India,Edtech,$1.2,https://www.cbinsights.com/company/upgrad
Kujiale,China,Internet software & services,$2,https://www.cbinsights.com/company/kujiale
Groq,United States,Artificial intelligence,$1,https://www.cbinsights.com/company/groq
Loggi,Brazil,"Supply chain, logistics, & delivery",$2,https://www.cbinsights.com/company/loggi
MediaMath,United States,Internet software & services,$1,https://www.cbinsights.com/company/mediamath
ShipBob,United States,"Supply chain, logistics, & delivery",$1,https://www.cbinsights.com/company/shipbob
Carbon,United States,Hardware,$2.4,https://www.cbinsights.com/company/carbon3d
Nexii,Canada,Other,$1.23,https://www.cbinsights.com/company/nexii
Konfio,Mexico,Fintech,$1.3,https://www.cbinsights.com/company/konfio
MURAL,United States,Internet software & services,$2,https://www.cbinsights.com/company/mural
Agile Robots,Germany,Hardware,$1,https://www.cbinsights.com/company/agile-robots
PolicyBazaar,India,Fintech,$2.4,https://www.cbinsights.com/company/policybazaar
Blinkit,India,"Supply chain, logistics, & delivery",$1.01,https://www.cbinsights.com/company/locodel-solutions
Lookout,United States,Cybersecurity,$1,https://www.cbinsights.com/company/lookout
Betterment,United States,Fintech,$1.3,https://www.cbinsights.com/company/betterment
GalaxySpace,China,Mobile & telecommunications,$1.22,https://www.cbinsights.com/company/galaxy-space
AppsFlyer,United States,Mobile & telecommunications,$2,https://www.cbinsights.com/company/appsflyer
Moka,China,Internet software & services,$1,https://www.cbinsights.com/company/moka-1
Spiber,Japan,Other,$1.22,https://www.cbinsights.com/company/spiber
Snapdeal,India,E-commerce & direct-to-consumer,$1,https://www.cbinsights.com/company/snapdeal
Andela,United States,Internet software & services,$1.5,https://www.cbinsights.com/company/andela
TechStyle Fashion Group,United States,E-commerce & direct-to-consumer,$1,https://www.cbinsights.com/company/justfab
Kitopi,United Arab Emirates,"Supply chain, logistics, & delivery",$1,https://www.cbinsights.com/company/kitopi
Built,United States,Internet software & services,$1.5,https://www.cbinsights.com/company/built
candy.com,United States,Fintech,$1.5,https://www.cbinsights.com/company/candycom
Tezign,China,Internet software & services,$1,https://www.cbinsights.com/company/tezign
Vagaro,United States,Internet software & services,$1,https://www.cbinsights.com/company/vagaro
Devo,United States,Data management & analytics,$1.5,https://www.cbinsights.com/company/logtrust
Paxos,United States,Fintech,$2.4,https://www.cbinsights.com/company/itbit
Exabeam,United States,Cybersecurity,$2.4,https://www.cbinsights.com/company/exabeam
Watershed,United States,Internet software & services,$1,https://www.cbinsights.com/company/watershed
Axelar,Canada,Internet software & services,$1,https://www.cbinsights.com/company/axelar-1
Nature's Fynd,United States,Other,$1,https://www.cbinsights.com/company/sustainable-bioproducts
Pagaya,Israel,Fintech,$2,https://www.cbinsights.com/company/pagaya
Lydia,France,Fintech,$1,https://www.cbinsights.com/company/lydia
InMobi,India,Mobile & telecommunications,$1,https://www.cbinsights.com/company/inmobi
bolttech,Singapore,Fintech,$1,https://www.cbinsights.com/company/amtrust-mobile-solutions
Drata,United States,Cybersecurity,$1,https://www.cbinsights.com/company/drata
SellerX,Germany,E-commerce & direct-to-consumer,$1,https://www.cbinsights.com/company/sellerx
OCSiAl,Luxembourg,Other,$2,https://www.cbinsights.com/company/ocsial
Razor,Germany,Consumer & retail,$1,https://www.cbinsights.com/company/razor-1
LinkSure Network,China,Mobile & telecommunications,$1,https://www.cbinsights.com/company/linksure-network
MobileCoin,United States,Fintech,$1,https://www.cbinsights.com/company/mobilecoin
OpenWeb,United States,Internet software & services,$1,https://www.cbinsights.com/company/spotim
Nexthink,Switzerland,Data management & analytics,$1.1,https://www.cbinsights.com/company/nexthink
SnapLogic,United States,Internet software & services,$1,https://www.cbinsights.com/company/snaplogic
Keep,China,Mobile & telecommunications,$2,https://www.cbinsights.com/company/keep
Contrast Security,United States,Cybersecurity,$1,https://www.cbinsights.com/company/contrast-security
Newlink Group,China,E-commerce & direct-to-consumer,$1,https://www.cbinsights.com/company/czb365com
Red Ventures,United States,Other,$1,https://www.cbinsights.com/company/red-ventures
Yiguo,China,"Supply chain, logistics, & delivery",$1.2,https://www.cbinsights.com/company/yiguo
Lunar,Denmark,Fintech,$1,https://www.cbinsights.com/company/lunar-way
Zego,United Kingdom,Fintech,$1.1,https://www.cbinsights.com/company/zego
Wrapbook,United States,Fintech,$1,https://www.cbinsights.com/company/wrapbook
Infobip,Croatia,Mobile & telecommunications,$1,https://www.cbinsights.com/company/infobip
Redis Labs,United States,Data management & analytics,$2,https://www.cbinsights.com/company/redisdb
GrubMarket,United States,E-commerce & direct-to-consumer,$1.2,https://www.cbinsights.com/company/grubmarket
Flock Freight,United States,"Supply chain, logistics, & delivery",$1.3,https://www.cbinsights.com/company/auptix
XtalPi,China,Artificial intelligence,$2,https://www.cbinsights.com/company/xtalpi
Amperity,United States,Artificial intelligence,$1,https://www.cbinsights.com/company/amperity
Fair,United States,Auto & transportation,$1.2,https://www.cbinsights.com/company/faircom
Gaussian Robotics,China,Hardware,$1.1,https://www.cbinsights.com/company/gaussian-robotics
BeiBei,China,E-commerce & direct-to-consumer,$1,https://www.cbinsights.com/company/beibei
Zwift,United States,E-commerce & direct-to-consumer,$1,https://www.cbinsights.com/company/zwift
Rightway,United States,Health,$1.1,https://www.cbinsights.com/company/rightway-healthcare
Cadence,United States,Health,$1,https://www.cbinsights.com/company/cadence-4
YugaByte,United States,Data management & analytics,$1.3,https://www.cbinsights.com/company/yugabyte
Playco,Japan,Other,$1,https://www.cbinsights.com/company/playco
Mammoth Biosciences,United States,Health,$1,https://www.cbinsights.com/company/mammoth-diagnostics
Lukka,United States,Fintech,$1.3,https://www.cbinsights.com/company/lukka
Xingyun Group,China,E-commerce & direct-to-consumer,$2,https://www.cbinsights.com/company/xingyun-b2b
Divvy Homes,United States,Fintech,$2,https://www.cbinsights.com/company/divvy-homes
Movile,Brazil,Mobile & telecommunications,$1,https://www.cbinsights.com/company/movile
Remote,United States,Fintech,$1,https://www.cbinsights.com/company/remote
Glossier,United States,Consumer & retail,$1.2,https://www.cbinsights.com/company/into-the-gloss
Orchard,United States,Fintech,$1,https://www.cbinsights.com/company/perch
Lamabang,China,E-commerce & direct-to-consumer,$1,https://www.cbinsights.com/company/wangzhi-technology-co
TravelPerk,Spain,Travel,$1.3,https://www.cbinsights.com/company/travelperk
Sunbit,United States,Fintech,$1.1,https://www.cbinsights.com/company/sunbit
Fiture,China,Health,$1,https://www.cbinsights.com/company/fiture
Expel,United States,Cybersecurity,$1,https://www.cbinsights.com/company/expel
Noname Security,United States,Cybersecurity,$1,https://www.cbinsights.com/company/noname-security
DailyPay,United States,Fintech,$1.2,https://www.cbinsights.com/company/dailypay
Mensa Brands,India,Other,$1,https://www.cbinsights.com/company/mensa-brands
Apeel Sciences,United States,Other,$2,https://www.cbinsights.com/company/apeel-technologies
Kuaigou Dache,China,"Supply chain, logistics, & delivery",$1,https://www.cbinsights.com/company/tianjin-wuba-daojia-freight-service-co-ltd
Pantheon Systems,United States,Internet software & services,$1,https://www.cbinsights.com/company/pantheon
JimuBox,China,Fintech,$1,https://www.cbinsights.com/company/jimubox
Workhuman,Ireland,Internet software & services,$1.2,https://www.cbinsights.com/company/globoforce
Injective Protocol,United States,Fintech,$1,https://www.cbinsights.com/company/injective-protocol
iTrustCapital,United States,Fintech,$1.3,https://www.cbinsights.com/company/itrustcapital
Xendit,Indonesia,Fintech,$1,https://www.cbinsights.com/company/xendit
Heyday,United States,E-commerce & direct-to-consumer,$1,https://www.cbinsights.com/company/heyday-1
Pat McGrath Labs,United States,Consumer & retail,$1,https://www.cbinsights.com/company/pat-mcgrath-labs
Oda,Norway,E-commerce & direct-to-consumer,$1.2,https://www.cbinsights.com/company/kolonialno
Qingting FM,China,Internet software & services,$1.1,https://www.cbinsights.com/company/qingting-fm
Xiaobing,China,Fintech,$1,https://www.cbinsights.com/company/xiaobing
Rothy's,United States,Consumer & retail,$1,https://www.cbinsights.com/company/rothys
BenevolentAI,United Kingdom,Artificial intelligence,$1,https://www.cbinsights.com/company/stratified-medical
Sift,United States,Artificial intelligence,$1,https://www.cbinsights.com/company/sift-science
Domestika,United States,Internet software & services,$1.3,https://www.cbinsights.com/company/domestika-llc
Wacai,China,Mobile & telecommunications,$1,https://www.cbinsights.com/company/wacai
Gousto,United Kingdom,"Supply chain, logistics, & delivery",$1.7,https://www.cbinsights.com/company/gousto
Qumulo,United States,Data management & analytics,$1.2,https://www.cbinsights.com/company/qumulo
TrueLayer,United Kingdom,Fintech,$1,https://www.cbinsights.com/company/truelayer
Carson Group,United States,Fintech,$1,https://www.cbinsights.com/company/carson-group
PLACE,United States,Internet software & services,$1,https://www.cbinsights.com/company/place
FlashEx,China,"Supply chain, logistics, & delivery",$1,https://www.cbinsights.com/company/shansong-express
FXiaoKe,China,Mobile & telecommunications,$1,https://www.cbinsights.com/company/facishare
SaltPay,United Kingdom,Fintech,$1,https://www.cbinsights.com/company/saltpay
VOI,Sweden,Travel,$1,https://www.cbinsights.com/company/voi-technology
Boom Supersonic,United States,Other,$1,https://www.cbinsights.com/company/boomaero
Tealium,United States,Internet software & services,$1.2,https://www.cbinsights.com/company/tealium
Opay,Nigeria,Fintech,$2,https://www.cbinsights.com/company/opay
Offchain Labs,United States,Internet software & services,$1.2,https://www.cbinsights.com/company/offchain-labs
Assembly,United States,Internet software & services,$1,https://www.cbinsights.com/company/assembly
GO1,Australia,Internet software & services,$1,https://www.cbinsights.com/company/go1
Stytch,United States,Cybersecurity,$1,https://www.cbinsights.com/company/stytch
Capsule,United States,Health,$1,https://www.cbinsights.com/company/capsule1
Qualia,United States,Fintech,$1,https://www.cbinsights.com/company/qualia-labs
Copado,United States,Data management & analytics,$1.2,https://www.cbinsights.com/company/copado
Aviatrix,United States,Internet software & services,$2,https://www.cbinsights.com/company/aviatrix-systems
CoinTracker,United States,Fintech,$1.3,https://www.cbinsights.com/company/nino-finance
Vox Media,United States,Internet software & services,$1,https://www.cbinsights.com/company/vox-media
PandaDoc,United States,Internet software & services,$1,https://www.cbinsights.com/company/truelayer
Interos,United States,Fintech,$1,https://www.cbinsights.com/company/interos
Public,United States,Fintech,$1.2,https://www.cbinsights.com/company/matador
Owkin,United States,Artificial Intelligence,$1,https://www.cbinsights.com/company/owkin
Amber Group,Hong Kong,Fintech,$1.1,https://www.cbinsights.com/company/amber-group
Banma Network Technologies,China,Auto & transportation,$1,https://www.cbinsights.com/company/banma-zhixing
Quantum Metric,United States,Data management & analytics,$1,https://www.cbinsights.com/company/quantum-metric
Gem,United States,Internet software & services,$1.2,https://www.cbinsights.com/company/gem-1
Mia.com,China,E-commerce & direct-to-consumer,$1,https://www.cbinsights.com/company/miyabaobei
SmartNews,Japan,Mobile & telecommunications,$2,https://www.cbinsights.com/company/smartnews
Loadsmart,United States,"Supply chain, logistics, & delivery",$1.3,https://www.cbinsights.com/company/loadsmart
Keenon Robotics,China,"Supply chain, logistics, & delivery",$1,https://www.cbinsights.com/company/keenon-robotics
Axonius,United States,Cybersecurity,$1.2,https://www.cbinsights.com/company/axonius
Tresata,United States,Fintech,$1,https://www.cbinsights.com/company/tresata
News Break,United States,Internet software & services,$1,https://www.cbinsights.com/company/particle-media
BlackBuck,India,"Supply chain, logistics, & delivery",$1,https://www.cbinsights.com/company/zinka
MOLOCO,United States,Artificial intelligence,$1.5,https://www.cbinsights.com/company/moloco
Haomao.AI,China,Artificial Intelligence,$1,https://www.cbinsights.com/company/maomo-zhixing
G2,United States,Internet software & services,$1.1,https://www.cbinsights.com/company/g2-labs
58 Daojia,China,Internet software & services,$1,https://www.cbinsights.com/company/58-daojia
NoBroker,India,Internet software & services,$1,https://www.cbinsights.com/company/nobroker
CarDekho,India,E-commerce & direct-to-consumer,$1.2,https://www.cbinsights.com/company/cardekho
Starry,United States,Mobile & telecommunications,$1.29,https://www.cbinsights.com/company/starry
NIUM,Singapore,Fintech,$1,https://www.cbinsights.com/company/instarem
Savage X Fenty,United States,E-commerce & direct-to-consumer,$1.2,https://www.cbinsights.com/company/savage-x-fenty
MadeiraMadeira,Brazil,E-commerce & direct-to-consumer,$1,https://www.cbinsights.com/company/madeiramadeira
Momenta,China,Artificial intelligence,$1,https://www.cbinsights.com/company/momenta
Kopi Kenangan,Indonesia,Consumer & retail,$1,https://www.cbinsights.com/company/kopi-kenangan
Womai,China,E-commerce & direct-to-consumer,$1,https://www.cbinsights.com/company/womai
Intercom,United States,Internet software & services,$1.28,https://www.cbinsights.com/company/intercom
Unico,Brazil,Artificial intelligence,$1,https://www.cbinsights.com/company/acesso-digital
Slice,India,Fintech,$1,https://www.cbinsights.com/company/slice
MyGlamm,India,E-commerce & direct-to-consumer,$1.2,https://www.cbinsights.com/company/myglamm
HAYDON,China,Consumer & retail,$1,https://www.cbinsights.com/company/haydon
Pipa Coding,China,Edtech,$1.2,https://www.cbinsights.com/company/pipa-coding
PPRO,United Kingdom,Fintech,$1,https://www.cbinsights.com/company/ppro
Human Interest,United States,Fintech,$1,https://www.cbinsights.com/company/captain401
Hailo,Israel,Artificial intelligence,$1,https://www.cbinsights.com/company/hailo-1
AgentSync,United States,Fintech,$1.2,https://www.cbinsights.com/company/agentsync
HuJiang,China,Edtech,$1,https://www.cbinsights.com/company/hujiang
OVO Energy,United Kingdom,Other,$1.28,https://www.cbinsights.com/company/ovo-energy
Thought Machine,United Kingdom,Fintech,$1,https://www.cbinsights.com/company/thought-machine
InFarm,Germany,Other,$1,https://www.cbinsights.com/company/infarm
Pilot.com,United States,Fintech,$1.2,https://www.cbinsights.com/company/pilot
Mux,United States,Internet software & services,$1,https://www.cbinsights.com/company/mux
Liquid,Japan,Fintech,$1,https://www.cbinsights.com/company/quoine
Ninja Van,Singapore,"Supply chain, logistics, & delivery",$1,https://www.cbinsights.com/company/ninja-logistics
Bluecore,United States,Artificial intelligence,$1,https://www.cbinsights.com/company/triggermail
Splashtop,United States,Internet software & services,$1,https://www.cbinsights.com/company/splashtop
Pristyn Care,India,Health,$1.4,https://www.cbinsights.com/company/pristyn-care
People.ai,United States,Internet software & services,$1.1,https://www.cbinsights.com/company/peopleai-1
ONE,Singapore,Internet software & services,$1,https://www.cbinsights.com/company/one-championship
Epidemic Sound,Sweden,Internet software & services,$1.4,https://www.cbinsights.com/company/epidemic-sound
Hosjoy,China,E-commerce & direct-to-consumer,$1,https://www.cbinsights.com/company/hosjoy
Misfits Market,United States,E-commerce & direct-to-consumer,$2,https://www.cbinsights.com/company/misfits-market
XForcePlus,China,Internet software & services,$1,https://www.cbinsights.com/company/yunli-information
Omio,Germany,Travel,$1,https://www.cbinsights.com/company/goeuro
Vedantu,India,Edtech,$1,https://www.cbinsights.com/company/vedantu
DriveNets,Israel,Internet software & services,$1,https://www.cbinsights.com/company/drivenets
Fractal Analytics,India,Data management & analytics,$1,https://www.cbinsights.com/company/fractal-analytics
Freshbooks,Canada,Fintech,$1,https://www.cbinsights.com/company/freshbooks
Lessen,United States,Internet software & services,$1,https://www.cbinsights.com/company/lessen
Jokr,United States,E-commerce & direct-to-consumer,$1.2,https://www.cbinsights.com/company/jokr
CoinDCX,India,Fintech,$1.1,https://www.cbinsights.com/company/coindcx
Yotpo,United States,Internet software & services,$1.4,https://www.cbinsights.com/company/yotpo
TrialSpark,United States,Health,$1,https://www.cbinsights.com/company/trialspark
Poizon,China,Mobile & telecommunications,$1,https://www.cbinsights.com/company/du
Spring Health,United States,Health,$2,https://www.cbinsights.com/company/spring-health
TERMINUS Technology,China,Hardware,$1,https://www.cbinsights.com/company/terminus-technologies
Flash Express,Thailand,"Supply chain, logistics, & delivery",$1,https://www.cbinsights.com/company/flash-express
Firefly Aerospace,United States,Other,$1,https://www.cbinsights.com/company/firefly-systems
Clara,Mexico,Fintech,$1,https://www.cbinsights.com/company/clara-2
Merama,Mexico,E-commerce & direct-to-consumer,$1.2,https://www.cbinsights.com/company/merama
Assent Compliance,Canada,"Supply chain, logistics, & delivery",$1,https://www.cbinsights.com/company/assent-compliance-inc
Carousell,Singapore,E-commerce & direct-to-consumer,$1.1,https://www.cbinsights.com/company/carousell
Ajaib,Indonesia,Fintech,$1,https://www.cbinsights.com/company/ajaib
Rebel Foods,India,E-commerce & direct-to-consumer,$1.4,https://www.cbinsights.com/company/rebel-foods
VTS,United States,Internet software & services,$1,https://www.cbinsights.com/company/view-the-space
YipitData,United States,Internet software & services,$1,https://www.cbinsights.com/company/yipit
Axiom Space,United States,Other,$1,https://www.cbinsights.com/company/axiom-space
Black Sesame Technologies,China,Artificial intelligence,$2,https://www.cbinsights.com/company/black-sesame-technologies
HoneyBook,United States,Internet software & services,$1.1,https://www.cbinsights.com/company/honeybook
BitFury,Netherlands,Hardware,$1,https://www.cbinsights.com/company/bitfury-group
iTutorGroup,China,Edtech,$1,https://www.cbinsights.com/company/tutorgroup
SeekOut,United States,Internet software & services,$1.2,https://www.cbinsights.com/company/zipstorm
apna,India,Internet software & services,$1.1,https://www.cbinsights.com/company/apna
Coda,United States,Internet software & services,$1.4,https://www.cbinsights.com/company/krypton
Shift Technology,France,Artificial intelligence,$1,https://www.cbinsights.com/company/shift-technology
SITECH DEV,China,Other,$1,https://www.cbinsights.com/company/sitech-dev
Swile,France,Fintech,$1,https://www.cbinsights.com/company/lunchr
Advance Intelligence Group,Singapore,Artificial intelligence,$2,https://www.cbinsights.com/company/advance-intelligence-group
CAIS,United States,Fintech,$1,https://www.cbinsights.com/company/cais
Solo.io,United States,Internet software & services,$1,https://www.cbinsights.com/company/soloio
iFood,Brazil,"Supply chain, logistics, & delivery",$1,https://www.cbinsights.com/company/ifood
Snorkel AI,United States,Artificial intelligence,$1,https://www.cbinsights.com/company/snorkelai
MobiKwik,India,Fintech,$1,https://www.cbinsights.com/company/mobikwik
Five Star Business Finance,India,Other,$1.4,https://www.cbinsights.com/company/five-star-business-credits
KnowBox,China,Edtech,$1,https://www.cbinsights.com/company/knowbox
Karat,United States,Internet software & services,$1.1,https://www.cbinsights.com/company/karat-1
Anyscale,United States,Artificial Intelligence,$1,https://www.cbinsights.com/company/anyscale
TensTorrent,Canada,Artificial intelligence,$1,https://www.cbinsights.com/company/tenstorrent
Placer.ai,United States,Artificial intelligence,$1,https://www.cbinsights.com/company/placerai
Modern Treasury,United States,Fintech,$2,https://www.cbinsights.com/company/modern-treasury
MindMaze,Switzerland,Health,$1,https://www.cbinsights.com/company/mindmaze
Gelato,Norway,E-commerce & direct-to-consumer,$1,https://www.cbinsights.com/company/gelato-group
Geek+,China,Hardware,$1,https://www.cbinsights.com/company/geek-
Zopa,United Kingdom,Fintech,$1,https://www.cbinsights.com/company/zopa
Stash,United States,Fintech,$1.4,https://www.cbinsights.com/company/stash-financial
BigPanda,United States,Artificial intelligence,$1.2,https://www.cbinsights.com/company/bigpanda
Enpal,Germany,Internet software & services,$1.1,https://www.cbinsights.com/company/enpal
Iodine Software,United States,Data management & analytics,$1,https://www.cbinsights.com/company/iodine-software
Zihaiguo,China,Consumer & retail,$1,https://www.cbinsights.com/company/zihaiguo
Magic Leap,United States,Hardware,$2,https://www.cbinsights.com/company/magic-leap
Yanolja,South Korea,Travel,$1,https://www.cbinsights.com/company/yanolja
Maven Clinic,United States,Health,$1,https://www.cbinsights.com/company/maven-clinic
Locus Robotics,United States,Hardware,$1,https://www.cbinsights.com/company/locus-robotics
Phantom,United States,Fintech,$1.2,https://www.cbinsights.com/company/phantom
REEF Technology,United States,"Supply chain, logistics, & delivery",$1,https://www.cbinsights.com/company/parkjockey
ReliaQuest,United States,Cybersecurity,$1,https://www.cbinsights.com/company/reliaquest
iCarbonX,China,Artificial intelligence,$1,https://www.cbinsights.com/company/icarbonx
Pentera,Israel,Cybersecurity ,$1,https://www.cbinsights.com/company/pcysys
Tier,Germany,Travel,$2,https://www.cbinsights.com/company/tier-mobility
Dental Monitoring,France,Health,$1,https://www.cbinsights.com/company/dental-monitoring
LivSpace,India,E-commerce & direct-to-consumer,$1.2,https://www.cbinsights.com/company/livspace
Meero,France,Artificial intelligence,$1,https://www.cbinsights.com/company/meero
Acko General Insurance,India,Fintech,$1.1,https://www.cbinsights.com/company/acko-general-insurance
Darwinbox,India,Internet software & services,$1,https://www.cbinsights.com/company/darwinbox
Forte Labs,United States,Fintech,$1,https://www.cbinsights.com/company/forte-labs
Aiven,Finland,Internet software & services,$2,https://www.cbinsights.com/company/aiven
Standard,United States,Artificial intelligence,$1,https://www.cbinsights.com/company/standard-cognition
Licious,India,E-commerce & direct-to-consumer,$1,https://www.cbinsights.com/company/licious
SMS Assist,United States,Internet software & services,$1,https://www.cbinsights.com/company/sms-assist
Xpressbees,India,"Supply chain, logistics, & delivery",$1.2,https://www.cbinsights.com/company/xpressbees
Minio,United States,Data management & analytics,$1,https://www.cbinsights.com/company/minio
Daily Harvest,United States,E-commerce & direct-to-consumer,$1.1,https://www.cbinsights.com/company/daily-harvest
Masterworks,United States,Fintech,$1,https://www.cbinsights.com/company/masterworks
Sentry,United States,Other,$1,https://www.cbinsights.com/company/sentry
Kendra Scott,United States,Consumer & retail,$1,https://www.cbinsights.com/company/kendra-scott
SumUp,United Kingdom,Fintech,$1,https://www.cbinsights.com/company/sumup
ClickHouse,United States,Data management & analytics,$2,https://www.cbinsights.com/company/clickhouse
Globality,United States,Artificial intelligence,$1,https://www.cbinsights.com/company/globality
The Bank of London,United Kingdom,Fintech,$1.1,https://www.cbinsights.com/company/the-bank-of-london
WeBull,China,Fintech,$1,https://www.cbinsights.com/company/fumi-information-technology
Chronosphere,United States,Data management & analytics,$1,https://www.cbinsights.com/company/chronosphere
CloudBees,United States,Data management & analytics,$1.15,https://www.cbinsights.com/company/cloudbees
Mobvoi,China,Consumer & retail,$1,https://www.cbinsights.com/company/mobvoi
Ynsect,France,Other,$1,https://www.cbinsights.com/company/ynsect
Ibotta,United States,Fintech,$1,https://www.cbinsights.com/company/ibotta
PatSnap,Singapore,Internet software & services,$1,https://www.cbinsights.com/company/patsnap
Fundbox,United States,Fintech,$1.1,https://www.cbinsights.com/company/fundbox
L&P Cosmetic,South Korea,Consumer & retail,$1.19,https://www.cbinsights.com/company/lp-cosmetic
Intellifusion,China,Artificial intelligence,$1,https://www.cbinsights.com/company/yuntian-lifei-technology
Zhuan Zhuan,China,E-commerce & direct-to-consumer,$1,https://www.cbinsights.com/company/zhuan-zhuan-app
Fever Labs,United States,Internet software & services,$1,https://www.cbinsights.com/company/fever-labs
C2FO,United States,Fintech,$1,https://www.cbinsights.com/company/c2fo
Mynt,Philippines,Fintech,$2,https://www.cbinsights.com/company/mynt1
Mininglamp Technology,China,Artificial intelligence,$1.19,https://www.cbinsights.com/company/mininglamp
Evidation,United States,Health,$1,https://www.cbinsights.com/company/evidation-health
Numbrs,Switzerland,Fintech,$1,https://www.cbinsights.com/company/numbrs
Esusu,United States,Fintech,$1,https://www.cbinsights.com/company/esusu
Everlaw,United States,Internet software & services,$2,https://www.cbinsights.com/company/everlaw
Sidecar Health,United States,Fintech,$1,https://www.cbinsights.com/company/sidecar-health
Modernizing Medicine,United States,Health,$1,https://www.cbinsights.com/company/modernizing-medicine
Axtria,United States,Data management & analytics,$1,https://www.cbinsights.com/company/axtria
Feedzai,United States,Artificial intelligence,$1,https://www.cbinsights.com/company/feedzai
Betterfly,Chile,Artificial intelligence,$1,https://www.cbinsights.com/company/burn-to-give
Skydio,United States,"Supply chain, logistics, & delivery",$1,https://www.cbinsights.com/company/skydio
Zhaogang,China,E-commerce & direct-to-consumer,$1,https://www.cbinsights.com/company/zhaogang
Scandit,Switzerland,"Supply chain, logistics, & delivery",$1,https://www.cbinsights.com/company/scandit
Dune Analytics,Norway,Data management & analytics,$1,https://www.cbinsights.com/company/dune-analytics
Amount,United States,Fintech,$1,https://www.cbinsights.com/company/amount
Aqua Security,Israel,Cybersecurity,$1,https://www.cbinsights.com/company/scalock
Newsela,United States,Internet software & services,$1,https://www.cbinsights.com/company/newsela
Vise,United States,Fintech,$1,https://www.cbinsights.com/company/vise-ai
Zilch,United Kingdom,Fintech,$2,https://www.cbinsights.com/company/zilch
VerbIT,United States,Artificial intelligence,$2,https://www.cbinsights.com/company/verbit
DianRong,China,E-commerce & direct-to-consumer,$1,https://www.cbinsights.com/company/dianrong
Printful,United States,Other,$1,https://www.cbinsights.com/company/printful
Turing,United States,Internet software & services,$1.1,https://www.cbinsights.com/company/turing
Luoji Siwei,China,Edtech,$1.18,https://www.cbinsights.com/company/logical-thinking
Matrixport,Singapore,Fintech,$1,https://www.cbinsights.com/company/matrixport
Cell C,South Africa,Mobile & telecommunications,$1,https://www.cbinsights.com/company/cellc
Rokt,United States,Internet software & services,$1.95,https://www.cbinsights.com/company/rokt
CoinSwitch Kuber,India,Fintech,$1.9,https://www.cbinsights.com/company/coinswitch
GlobalBees,India,E-commerce & direct-to-consumer,$1.1,https://www.cbinsights.com/company/globalbees
LTK,United States,Internet software & services,$2,https://www.cbinsights.com/company/rewardstyle
Yimidida,China,"Supply chain, logistics, & delivery",$1.17,https://www.cbinsights.com/company/yimidida
EcoFlow,China,Hardware,$1,https://www.cbinsights.com/company/ecoflow
Shippo,United States,"Supply chain, logistics, & delivery",$1,https://www.cbinsights.com/company/shippo
ENOVATE,China,Auto & transportation,$1.85,https://www.cbinsights.com/company/dearcc
LetsGetChecked,Ireland,Health,$1,https://www.cbinsights.com/company/letsgetchecked
InVision,United States,Internet software & services,$1.9,https://www.cbinsights.com/company/invisionapp
Exotec,France,Hardware,$2,https://www.cbinsights.com/company/exotec-solutions
CFGI,United States,Fintech,$1.85,https://www.cbinsights.com/company/cfgi
LEAD School,India,Edtech,$1.1,https://www.cbinsights.com/company/lead-school
Modern Health,United States,Health,$1.17,https://www.cbinsights.com/company/modern-health
YH Global,China,"Supply chain, logistics, & delivery",$1,https://www.cbinsights.com/company/yh-global
Thirty Madison,United States,Health,$1,https://www.cbinsights.com/company/keeps
StarkWare,Israel,Cybersecurity,$2,https://www.cbinsights.com/company/starkware
Carro,Singapore,E-commerce & direct-to-consumer,$1,https://www.cbinsights.com/company/carro
Dremio,United States,Data management & analytics,$2,https://www.cbinsights.com/company/dremio
Nxin,China,Internet software & services,$1.08,https://www.cbinsights.com/company/nxin
IRL,United States,Internet software & services,$1.17,https://www.cbinsights.com/company/get-together
Retool,United States,Internet software & services,$1.85,https://www.cbinsights.com/company/cfgi
Revolution Precrafted,Philippines,Other,$1,https://www.cbinsights.com/company/revolution-precrafted
Akulaku,Indonesia,E-commerce & direct-to-consumer,$2,https://www.cbinsights.com/company/akulaku
Automattic,United States,Internet software & services,$1.8,https://www.cbinsights.com/company/automattic
Tuhu,China,Auto & transportation,$1.16,https://www.cbinsights.com/company/lantu-information-technology
eDaili,China,E-commerce & direct-to-consumer,$1.9,https://www.cbinsights.com/company/edaili
Rebellion Defense,United States,Artificial intelligence,$1.15,https://www.cbinsights.com/company/rebellion-defense
Guideline,United States,Fintech,$1.15,https://www.cbinsights.com/company/guideline-technologies
ZocDoc,United States,Health,$1.8,https://www.cbinsights.com/company/zocdoc
WeLab,Hong Kong,Fintech,$1,https://www.cbinsights.com/company/welab-limited
UISEE Technology,China,"Supply chain, logistics, & delivery",$1.08,https://www.cbinsights.com/company/uisee-technology
Socar,South Korea,Auto & transportation,$1,https://www.cbinsights.com/company/socar
MX Technologies,United States,Fintech,$1.9,https://www.cbinsights.com/company/moneydesktop
Rivigo,India,"Supply chain, logistics, & delivery",$1.07,https://www.cbinsights.com/company/rivigo
Aledade,United States,Health,$1.9,https://www.cbinsights.com/company/aledade
Starling Bank,United Kingdom,Fintech,$1.95,https://www.cbinsights.com/company/starling-bank
Happy Money,United States,Fintech,$1.15,https://www.cbinsights.com/company/payoffcom
Venafi,United States,Cybersecurity,$1.15,https://www.cbinsights.com/company/venafi
Maimai,China,Mobile & telecommunications,$1,https://www.cbinsights.com/company/maimaicn
LifeMiles,Colombia,Other,$1.15,https://www.cbinsights.com/company/lifemiles
Netlify,United States,Internet software & services,$2,https://www.cbinsights.com/company/netlify
Fenbi Education,China,Edtech,$1.95,https://www.cbinsights.com/company/fenbi-education
56PINGTAI,China,"Supply chain, logistics, & delivery",$1.08,https://www.cbinsights.com/company/56pingtai
SWORD Health,United States,Health,$2,https://www.cbinsights.com/company/sword-health
Deliverr,United States,"Supply chain, logistics, & delivery",$2,https://www.cbinsights.com/company/deliverr
Mamaearth,India,E-commerce & direct-to-consumer,$1.07,https://www.cbinsights.com/company/mamaearth
Rubicon,United States,Other,$1.07,https://www.cbinsights.com/company/rubicon-global-holdings
SVOLT,China,Auto & transportation,$1.16,https://www.cbinsights.com/company/svolt
Radius Payment Solutions,United Kingdom,Fintech,$1.07,https://www.cbinsights.com/company/radius-payments-solutions
